行政區,地址,格位數,周邊景點或商圈,場站緯度,場站經度
士林區,基河路西側(承德路4段179巷口以南),2,士林市場對面,25.087728,121.52395
士林區,基河路130號前,1,銘傳大學,25.089629,121.522823
士林區,承德路4段179巷與基河路口,2,百齡高中後門,25.08888,121.523205
士林區,中山北路6段35巷& 福華路128巷口轉角,1,忠誠公園,25.103397,121.524713
士林區,中山北路7段112號,1,凱硯診所(專業洗腎中心),25.12208,121.531825
士林區,中山北路7段154巷6號,1,全聯福利中心、天母圖書館,25.12403,121.533267
士林區,中山北路7段156號,1,全聯福利中心、天母圖書館,25.12399,121.532571
士林區,中山北路7段154巷,1,全聯福利中心、天母圖書館,25.123953,121.532915
大同區,庫倫街（捷運圓山站2號出口）,2,捷運圓山站2號出口,25.071859,121.519755
大同區,長安西路60號前,1,臺北當代藝術館,25.071859,121.519755
大同區,長安西路180號前,1,臺北當代藝術館,25.0502091,121.5197078
大同區,重慶北路1段5號前,1,臺北轉運站,25.0510786,121.5158677
大同區,重慶北路1段61號前,1,臺北車站,25.0497755,121.5136612
大同區,長安西路124號前,1,華陰街商圈,25.0514798,121.5139725
大同區,太原路42號前,1,臺北當代藝術館,25.0505755,121.5180861
大同區,重慶北路1段43號前,1,華陰街商圈,25.050609,121.5151407
大同區,哈密街23巷25號,1,敦煌老人長期照護中心,25.074581,121.51762
大安區,"市民大道4段124號前（現況調至市民大道4段138號）
*人陳調整至市民大道4段205巷口東側(GSAA1143122480)",1,捷運忠孝敦化站,25.044333,121.552367
大安區,安和路1段49巷13號對面,1,捷運忠孝敦化站,25.038497,121.55192
大安區,仁愛路4段112巷9弄,1,中山醫院,25.036729,121.549698
大安區,安和路1段135巷30號,1,捷運信義安和站；敦安公園,25.034262,121.554098
大安區,安和路1段127巷19號,1,幼苗幼兒園；敦安公園,25.034676,121.553423
大安區,安和路1段75號,1,卡納琳花園名廈,25.036675,121.552076
大安區,仁愛路4段232號,1,國泰綜合醫院第二分館,25.037592,121.552244
大安區,安和路1段113號,1,捷運信義安和站；敦安公園,25.035165,121.552612
大安區,安和路1段61號,1,仁愛國中,25.037323,121.551667
大安區,敦化南路2段63巷53弄7號,1,捷運信義安和站,25.031473,121.551596
大安區,新生南路3段2號,1,禾馨新生婦幼診所,25.025591,121.534736
大安區,和平東路1段180號,1,和平婦產科診所,25.02643,121.529777
中山區,植福路200號,2,台北大直英迪格酒店,25.083284,121.560175
中山區,敬業二路(樂群二路至敬業一路36巷間西側),3,美福飯店東側,25.080761,121.554345
中山區,植福路8號對側(調整為敬業二路195號前),1,捷運劍南路站；大直典華飯店,25.08399,121.554801
中山區,農安街19號,1,晴光商圈,25.064942,121.523913
中山區,林森北路458號,1,四季和安婦幼診所,25.060893,121.525549
中山區,松江路85巷5號,1,協和婦女醫院,25.050172,121.534019
中山區,樂群二路150號,1,大直美堤花園,25.079872,121.557456
中山區,南京東路2段100號,1,黃建榮婦產科診所,25.051932,121.531992
中山區,南京東路2段38號,1,吉林公園,25.051971,121.52947
中正區,北平東路22號,1,華山文化園區,25.046037,121.524902
中正區,牯嶺街138號,1,便利商店7-11,25.0509017,121.5139291
中正區,中華路2段319號,1,國盛社區、南機場夜市,25.027671,121.506239
中正區,林森南路55號前,1,便利商店7-11,25.0402051,121.522241
中正區,紹興南街12號前,1,國防醫學院三軍總醫院台北門診中心,25.040514,121.5237788
中正區,仁愛路1段4號前,2,臺北市青少年發展處、愛林大廈,25.038668,121.521778
中正區,丹陽街47號,1,仁愛新城、交通部,25.039496,121.524781
內湖區,成功路5段(捷運大湖公園站1號出口),2,捷運大湖公園站1號出口,25.083727,121.602554
內湖區,安康路106巷,2,長虹雲端科技大樓,25.06112,121.599214
內湖區,康寧路1段146號,1,捷運西湖站；西湖市場,25.079261,121.594015
內湖區,康寧路1段261-273號間,1,康寧AIT社區,25.078856,121.59876
內湖區,舊宗路1段268號,1,好市多內湖店(Costco),25.064671,121.575755
內湖區,康寧路3段99巷12弄20號,1,東湖二號公園,25.072677,121.611376
內湖區,康寧路3段54-5號1樓,1,祐生復健科診所、凱菲琳托嬰中心,25.071425,121.609712
內湖區,民權東路6段180巷42弄6號1樓,1,財團法人伊甸社會福利基金會附設臺北市私立婦幼家園,25.06741,121.59246
文山區,興隆路2段245號,1,文山圖書館,25.001924,121.551488
文山區,新光路1段31巷15號,1,華山基金會,24.98987,121.574779
文山區,興隆路2段189號,1,景美蔡登元婦產科診所,25.000749,121.549416
文山區,久康街24巷42號,1,木柵社宅,24.989284,121.566296
文山區,一壽街22號,1,樟新區民活動中心,24.979854,121.556348
文山區,興隆路2段88之2號,1,台北萬隆東營社福園區,25.000581,121.549178
文山區,興隆路2段95巷8號,1,臺北市文山老人養護中心,24.999804,121.546926
文山區,景興路222號,1,景美仙跡岩、景新身障社區長照機構,24.990964,121.543327
文山區,羅斯福路6段136號,1,財政部財政人員訓練所,24.996792,121.540863
文山區,羅斯福路5段204號,1,捷運萬隆站,25.00321,121.538542
北投區,立德路60號對面,2,萊爾富對面,25.125691,121.471632
北投區,永興路1段38號,1,捷運新北投站；七星公園,25.13927,121.500302
北投區,大同街230號前,1,捷運新北投站；七星公園,25.139555,121.499336
北投區,雙全街62巷口旁,2,捷運新北投站；七星公園,25.137749,121.501021
北投區,雙全街7號,1,捷運新北投站；七星公園,25.139005,121.501267
北投區,永興路1段與文化三路交叉口,1,捷運新北投站；七星公園,25.137623,121.498568
北投區,稻香路147-3號前,1,應集廟,25.142409,121.489722
松山區,敦化南路1段102號,1,薇閣大廈,25.045791,121.548602
松山區,八德路4段319號,1,林聰賢婦產科診所,25.04915,121.567019
松山區,延壽街323號,1,健康國小,25.056682,121.560464
松山區,健康路317號,1,臺北市松山老人服務 暨日間照顧中心,25.054349,121.56654
松山區,八德路4段210號,1,鐵路博物館、偶戲博物館,25.048816,121.564334
松山區,撫遠街389巷45號,1,撫遠公園、6號水門,25.065238,121.567661
松山區,光復北路11巷44號,1,臺北市區監理所、博仁綜合醫院,25.049245,121.558214
松山區,健康路313號,1,臺北市松山老人服務 暨日間照顧中心,25.054215,121.566081
松山區,復興北路309號,1,,25.058464,121.54433
松山區,民生東路5段163-1號,1,民生社區式長期照顧服務機構、民生社區中心,25.058996,121.562795
信義區,松山路242號,1,永春市場,25.044154,121.577717
信義區,大道路107號對面,1,廣慈博愛園區,25.039822,121.582884
信義區,信義路6段29號,1,虎林公園、象山,25.034581,121.575801
信義區,忠孝東路4段550號,2,兆豐銀行(臺北分行),25.041097,121.563086
信義區,松仁路9號,2,國泰金融中心,25.037843,121.568563
信義區,松仁路97號,3,群益大樓,25.036025,121.568472
信義區,市府路1號(西門南側),2,市府正大門口南側,25.0362,121.563674
信義區,市府路1號(西門北側),2,市府正大門口北側,25.037891,121.563705
信義區,福德街84巷(福德街派出所),1,廣慈博愛園區,25.03746,121.581391
信義區,忠孝東路5段139號,1,市府轉運站,25.041146,121.567806
南港區,市民大道8段(北部流行音樂中心(南基地)),3,北部流行音樂中心(南基地),25.052123,121.600084
南港區,忠孝東路7段(捷運南港站1號出口),2,捷運南港站1號出口,25.051858,121.605955
南港區,福德街425號,2,南港國宅B2棟,25.040203,121.592192
南港區,玉成街174號前,1,玉成公園、捷運後山埤站,25.044434,121.584364
南港區,興華路70號,1,劉聖亞診所,25.055571,121.605865
南港區,玉成街178號,1,玉成公園、捷運後山埤站,25.044122,121.5846
南港區,玉成街189號,1,玉成公園、捷運後山埤站,25.044455,121.584382
萬華區,萬大路504號,1,第一批果菜批發市場,25.019317,121.497111
萬華區,永福街56號,1,老松國小；臺北市鄉土教育中心,25.038663,121.503175
萬華區,莒光路222號(萬大路側),1,靜思堂；雙園國小,25.031287,121.500394
萬華區,東園街73巷65號前,1,西園國小,25.026564,121.499031
萬華區,萬大路423巷39號,1,光仁國小,25.02126165,121.5002751
萬華區,康定路24號前,1,臺北市電影主題公園,25.044883,121.502832
萬華區,萬大路423巷75號,1,光仁國小,25.021698,121.501103
萬華區,成都路與漢中街交叉口,2,西門商圈,25.04236,121.50777
萬華區,水源路205-2號,1,青年公園、馬場町紀念公園,25.019431,121.503156
萬華區,內江街130-2號,1,台大醫院北護分院,25.041623,121.502877
中正區,新生南路1段124之3號1~4樓,1,臺北市私立大園老人長期照顧中心(養護型),25.03773207,121.5324916
內湖區,舊宗路2段171巷,3,臺北市汽車駕駛員職業工會,25.071257,121.575306
內湖區,東湖路43巷27號前,1,捷運東湖站,25.069003,121.613565
內湖區,東湖路33巷1號旁,1,東湖國小,25.068941,121.61357
內湖區,陽光街321巷5號,2,瑞光社宅旁,25.07347324,121.5792081
南港區,同德路77號,1,"臺北市聯合醫院忠孝院區
南港分局同德派出所",25.045958,121.585557
信義區,松隆路310號,1,四育里民活動場所,25.048076,121.576946
信義區,松山路174號,1,五分埔商圈,25.046139,121.577706
信義區,松信路215號,1,富台公園、退輔會,25.041569,121.572002
信義區,松信路85號,1,彭婦產科,25.045913,121.572151
信義區,永吉路261號,1,永吉聯合診所,25.045595,121.575122
信義區,永吉路219號,1,五常公園,25.045618,121.574047
南港區,中坡南路25號,1,捷運後山埤站、玉成公園,25.043254,121.583084
南港區,舊莊街1段168號,1,舊庄國小,25.039284,121.621234
中山區,中山北路2段111號,1,雙連教會,25.060337,121.523205
中山區,建國北路3段86巷(北側)近巷口處,1,農安公園,25.066014,121.53526
中山區,錦西街4之7號,1,賴國良婦產科診所,25.060332,121.522035
中山區,建國北路3段92號,1,農安公園,25.06664,121.5345
中山區,通北街65巷2弄21號,1,富邦九莊,25.083555,121.53846
內湖區,康寧路3段99巷17弄31號對面,1,明湖國小、葫洲捷運站,25.072288,121.609862
內湖區,康寧路3段56巷39號前,1,南湖里辦公處,25.068228,121.608863
萬華區,康定路380號,1,萬華車站,25.033807,121.500071
松山區,新東街15巷1號,1,民生醫事檢驗所台北檢驗所,25.058525,121.56596
文山區,羅斯福路5段262號,1,捷運萬隆站,25.000841,121.539327
大安區,仁愛路4段61號,1,宏恩綜合醫院,25.03819,121.54662
大安區,忠孝東路4段189號,1,捷運忠孝敦化站,25.041583,121.551057
大安區,信義路3段109號前,1,和安里辦公處,25.033619,121.539084
大安區,羅斯福路3段269巷31號,1,台灣大學,25.019994,121.530784
大安區,溫州街52巷14號,1,上愛幼兒園,25.021004,121.532115
大安區,"市民大道3段136號
(北市停企字第1143044672號)",1,清心福全(大安市民店),25.044717,121.534942
中山區,南京東路2段100號,1,黃建榮婦產科診所,25.051932,121.531992
中山區,樂群二路187號、189號,1,送子鳥11診所,25.079989,121.558374
中山區,吉林路131號,1,黃中豪婦產科診所,25.057684,121.53026
中山區,南京東路2段2號,1,吉林公園,25.05198,121.52821
內湖區,東湖路43巷27號前、東湖路33巷1號旁,1,捷運東湖站,25.069003,121.613565
內湖區,東湖路113巷49弄11號前,1,東湖國小,25.069425,121.615544
內湖區,東湖路113巷17號前,1,復康復建科診所,25.069446,121.61555
內湖區,和德里,2,台北內湖專業洗腎/腎臟科東成診所,25.073146,121.605215
信義區,莊敬路205號,1,四四南村,25.030499,121.561526
信義區,松仁路235號,1,吳興國小,25.025982,121.568774
信義區,松仁路153號,1,信義國中,25.029125,121.568349
內湖區,康寧路3段56巷39號,1,明湖國中,25.069976,121.609166
內湖區,內湖路1段91巷23弄3號,1,西湖工業區,25.086175,121.562476
內湖區,瑞光路188巷43號,1,萊爾富便利商店、7-11,25.073687,121.576084
內湖區,瑞光路188巷37號,1,台達電子文教基金會、凱旋科技大樓,25.073988,121.576862
內湖區,基湖路3巷38號,1,洲子2號公園、捷運西湖站,25.08085,121.566595
士林區,基河路250號(新光人壽教育會館北側),1,新光人壽教育會館,25.09196,121.521034
士林區,基河路250號(新光人壽教育會館南側),1,新光人壽教育會館,25.09174,121.521196
信義區,松山路132號,1,松山車站,25.047571,121.577681
信義區,忠孝東路5段242號,1,退輔會、松山工農,25.040876,121.572333
信義區,東興路51號前,1,歐凌辦公家具,25.04771117,121.5665048
信義區,中坡南路130之4號,1,松山聖安宮,25.04045,121.584817
信義區,基隆路1段101巷2號前,1,太子101社區、世紀威秀社區,25.045246,121.567333
大同區,承德路3段305號,1,明倫社會住宅,25.07616,121.520671
信義區,嘉興街151號,1,三興國小,25.028286,121.557262
信義區,嘉興街139號,1,三興國小,25.02853,121.557327
大安區,新生南路3段54巷口（臨新生南路3段側）,1,新生老人日間照顧中心,25.020839,121.533966
萬華區,中華路2段416巷58號,1,青年國宅,25.027193,121.50453
士林區,華聲街18號,1,現代悅齡基金會華榮據點、華榮社宅,25.09642,121.521949
文山區,安康平宅(B)臨時平面停車場（興隆路4段42巷）,1,興隆社宅A區,24.988164,121.559484
中山區,華陰街1號,1,華陰商圈,25.048977,121.520822
大安區,師大路95號,2,師大路商圈,25.022857,121.528442
大安區,師大路53號,1,師大路商圈,25.024163,121.528557
大安區,光復南路108巷5號,1,華視大樓、延吉廢鐵道,25.043504,121.557127
大安區,師大路124號,1,師大路商圈,25.02171,121.528062
松山區,八德路3段36號,1,台北小巨蛋,25.048199,121.552126
北投區,公館路63巷1號,1,台北市召會十二會所,25.132772,121.504012
文山區,興隆路4段105巷47號,1,興隆社宅D2區,24.98797,121.56289
文山區,興隆路4段105巷45號,1,興隆社宅D2區,24.988437,121.562931
文山區,安康平宅(B)平面停車場,1,興隆社宅A區,24.988163,121.559446
文山區,安康平宅臨時停車場,1,興隆社宅D1區,24.988391,121.558029
文山區,興隆路4段42巷50號,1,興隆社宅A區,24.98824,121.55859
文山區,和興路88號,2,和興水岸社宅,24.985113,121.549089
文山區,景華街40號對側,1,景華公園,24.995063,121.54316
萬華區,永福街33號,1,基督生命教會,25.038302,121.50489
南港區,成功路1段2號,1,玉成國小、全家港成店、蝦皮店到店,25.054502,121.593199
大安區,忠孝東路4段313號,2,東區商圈、捷運國父紀念館站,25.041464,121.555344
文山區,忠順街2段4號,1,康是美、7-11文忠門市,24.984569,121.562154
大安區,忠孝東路4段270號,2,東區商圈、凱基銀行忠孝分行,25.041318,121.55494
信義區,松山路307號,1,動物醫院、寵物美容、虎林市場,25.042545,121.577899
信義區,松山路407號,1,捷運永春站、中醫診所藥局,25.041421,121.57791
大安區,忠孝東路4段76號,2,東區商圈、捷運忠孝復興站,25.041512,121.545736
大安區,忠孝東路4段112號,2,東區商圈,25.04151,121.546863
大同區,重慶北路3段181號,1,台北市私立晉安老人養護所,25.069147,121.513847
大安區,忠孝東路4段148號,2,東區商圈、捷運忠孝敦化站,25.041401,121.550034
大安區,忠孝東路4段210號,1,東區商圈、明曜百貨,25.041358,121.552475
大安區,忠孝東路4段213號,3,東區商圈、捷運忠孝敦化站,25.041544,121.552103
大安區,和平東路1段25號,1,捷運古亭站,25.027112,121.523137
中山區,吉林路67號,1,吉林國小、明台保險大樓,25.054121,121.53014
中正區,南昌路2段222號,1,玉山銀行古亭分行,25.023898,121.524578
文山區,久康街24巷42號,1,木柵社會住宅、久康區民活動中心,24.98934,121.566487
文山區,樟新街65號,1,樟新水岸社宅,24.976997,121.555673
文山區,羅斯福路6段48號,1,機車行,24.999148,121.539987
內湖區,行善路268號,1,行善社會住宅,25.061118,121.582209
文山區,興隆路1段2號,1,慈安老人長期照顧中心,25.004283,121.539058
大安區,和平東路3段123號,1,瑞興銀行和平分行,25.024604,121.551546
大同區,重慶北路2段184號,1,太平國小,25.062132,121.513469
大安區,辛亥路1段89號,1,時英中醫診所,25.021635,121.53109
大安區,麗水街33巷21之1號,1,師範大學美術館,25.02799,121.53003
大安區,信義路2段81號,1,東門市場,25.034437,121.526686
中正區,羅斯福路4段70號,1,公館商圈,25.014644,121.534279
中正區,羅斯福路4段92號,1,公館商圈,25.013729,121.535232
中正區,羅斯福路4段114號,1,公館商圈,25.013397,121.535554
信義區,忠孝東路5段47號,1,市府轉運站,25.041197,121.566323
松山區,健康路285號,1,健康社宅1期,25.054243,121.564145
南港區,重陽路199巷1號,1,基河國宅,25.057088,121.600121
南港區,重陽路199巷20號,1,基河國宅,25.05667,121.599182
大同區,鄭州路81號,1,市民大道沿線商家,25.049843,121.512518
南港區,中坡南路7號,1,全聯福利中心(南港中坡店),25.043874,121.582339
松山區,延壽街93號(115年),1,7-11延新門市,25.057153,121.56669
北投區,大業路671號,1,捷運新北投站,25.1371,121.499459
文山區,景華街25號,1,臺北市廚師業職業工會,24.995008,121.542304
信義區,莊敬路401號,1,莊敬商圈,25.027403,121.565837
南港區,中坡南路7號,1,全聯福利中心(南港中坡店),25.043874,121.582339
中正區,和平西路2段23號,1,大慶大車隊,25.028462,121.513338
文山區,新光路2段30號,1,臺北市立動物園,24.998535,121.580062
中正區,林森南路33號對面,1,開南青春學堂,25.041915,121.522453
大安區,和平東路3段125號,1,中天眼鏡,25.024479,121.551809
