"統計期","現有停車位數","按車種別/汽車停車位數","按車種別/機車停車位數","按類別/市有路邊停車場停車位/計停車位數","按類別/市有路邊停車場停車位/收費停車位數","按類別/市有路邊停車場停車位/不收費停車位數","按類別/市有路邊停車場停車位/身心障礙停車位數","按類別/市有路邊停車場停車位/大汽車停車位數","按類別/市有路邊停車場停車位/大汽車收費停車位數","按類別/市有路邊停車場停車位/大汽車不收費停車位數","按類別/市有路邊停車場停車位/大汽車身心障礙停車位數","按類別/市有路邊停車場停車位/小汽車停車位數","按類別/市有路邊停車場停車位/小汽車收費停車位數","按類別/市有路邊停車場停車位/小汽車不收費停車位數","按類別/市有路邊停車場停車位/小汽車身心障礙停車位數","按類別/市有路邊停車場停車位/機車停車位數","按類別/市有路邊停車場停車位/機車收費停車位數","按類別/市有路邊停車場停車位/機車不收費停車位數","按類別/市有路邊停車場停車位/機車身心障礙停車位數","按類別/市有路外停車位/計停車位數","按類別/市有路外停車位/收費停車位數","按類別/市有路外停車位/不收費停車位數","按類別/市有路外停車位/身心障礙停車位數","按類別/市有路外停車位/大汽車停車位數","按類別/市有路外停車位/大汽車收費停車位數","按類別/市有路外停車位/大汽車不收費停車位數","按類別/市有路外停車位/大汽車身心障礙停車位數","按類別/市有路外停車位/小汽車停車位數","按類別/市有路外停車位/小汽車收費停車位數","按類別/市有路外停車位/小汽車不收費停車位數","按類別/市有路外停車位/小汽車身心障礙停車位數","按類別/市有路外停車位/機車停車位數","按類別/市有路外停車位/機車收費停車位數","按類別/市有路外停車位/機車不收費停車位數","按類別/市有路外停車位/機車身心障礙停車位數","按類別/市有委外經營停車位/計停車位數","按類別/市有委外經營停車位/收費停車位數","按類別/市有委外經營停車位/不收費停車位數","按類別/市有委外經營停車位/身心障礙停車位數","按類別/市有委外經營停車位/汽車停車位數","按類別/市有委外經營停車位/汽車收費停車位數","按類別/市有委外經營停車位/汽車不收費停車位數","按類別/市有委外經營停車位/汽車身心障礙停車位數","按類別/市有委外經營停車位/機車停車位數","按類別/市有委外經營停車位/機車收費停車位數","按類別/市有委外經營停車位/機車不收費停車位數","按類別/市有委外經營停車位/機車身心障礙停車位數","按類別/建築物附設停車位/汽車停車位數","按類別/建築物附設停車位/機車停車位數","按類別/非建築物附設停車位/大汽車停車位數","按類別/非建築物附設停車位/小汽車停車位數","按類別/非建築物附設停車位/機車停車位數"
"77年底",127164,122669,4495,17952,0,0,0,87,0,0,0,17447,0,0,0,418,0,0,0,15349,0,0,0,357,0,0,0,10915,0,0,0,4077,0,0,0,0,0,0,0,0,0,0,0,0,0,0,0,93863,0,0,0,0
"78年底",138555,133715,4840,19712,0,0,0,98,0,0,0,19074,0,0,0,540,0,0,0,16631,0,0,0,323,0,0,0,12008,0,0,0,4300,0,0,0,0,0,0,0,0,0,0,0,0,0,0,0,102212,0,0,0,0
"79年底",150434,145934,4500,22342,0,0,0,297,0,0,0,21345,0,0,0,700,0,0,0,17440,0,0,0,323,0,0,0,13317,0,0,0,3800,0,0,0,0,0,0,0,0,0,0,0,0,0,0,0,110652,0,0,0,0
"80年底",161844,155998,5846,23759,0,0,0,250,0,0,0,22809,0,0,0,700,0,0,0,18953,0,0,0,346,0,0,0,13461,0,0,0,5146,0,0,0,0,0,0,0,0,0,0,0,0,0,0,0,119132,0,0,0,0
"81年底",178513,172735,5778,27266,0,0,0,253,0,0,0,27013,0,0,0,0,0,0,0,22733,0,0,0,288,0,0,0,16667,0,0,0,5778,0,0,0,0,0,0,0,0,0,0,0,0,0,0,0,128514,0,0,0,0
"82年底",189896,184118,5778,29294,0,0,0,294,0,0,0,29000,0,0,0,0,0,0,0,21301,0,0,0,214,0,0,0,15309,0,0,0,5778,0,0,0,0,0,0,0,0,0,0,0,0,0,0,0,139301,0,0,0,0
"83年底",210900,205405,5495,29512,0,0,0,231,0,0,0,29281,0,0,0,0,0,0,0,22408,0,0,0,304,0,0,0,17453,0,0,0,4651,0,0,0,0,0,0,0,0,0,0,0,0,0,0,0,155267,584,30,2839,260
"84年底",233128,225748,7380,30954,0,0,0,231,0,0,0,30723,0,0,0,0,0,0,0,23478,0,0,0,305,0,0,0,18589,0,0,0,4584,0,0,0,0,0,0,0,0,0,0,0,0,0,0,0,172017,2586,50,3833,210
"85年底",265227,253392,11835,30238,0,0,0,222,0,0,0,30016,0,0,0,0,0,0,0,29108,0,0,0,314,0,0,0,24652,0,0,0,4142,0,0,0,250,0,0,0,250,0,0,0,0,0,0,0,192796,7204,50,5092,489
"86年底",295196,276831,18365,30574,0,0,0,253,0,0,0,30119,0,0,0,202,0,0,0,30192,0,0,0,329,0,0,0,25464,0,0,0,4399,0,0,0,868,0,0,0,868,0,0,0,0,0,0,0,212619,13216,57,7122,548
"87年底",324407,296744,27663,29654,0,0,0,246,0,0,0,29338,0,0,0,70,0,0,0,33867,0,0,0,400,0,0,0,28239,0,0,0,5228,0,0,0,925,0,0,0,925,0,0,0,0,0,0,0,230441,21889,63,7092,476
"88年底",393056,337625,55431,58502,0,0,0,91,0,0,0,42568,0,0,0,15843,0,0,0,36199,0,0,0,364,0,0,0,31268,0,0,0,4567,0,0,0,3264,0,0,0,3264,0,0,0,0,0,0,0,252612,34491,63,7395,530
"89年底",438815,359718,79097,62933,0,0,0,93,0,0,0,41548,0,0,0,21292,0,0,0,35178,0,0,0,354,0,0,0,31817,0,0,0,3007,0,0,0,3138,0,0,0,3138,0,0,0,0,0,0,0,273371,53877,63,9334,921
"90年底",518996,388745,130251,87127,24238,62889,928,127,127,0,0,44417,24111,20306,656,42583,0,42583,272,39777,36814,2963,829,428,428,0,0,34563,33821,742,742,4786,2565,2221,87,2276,2223,53,53,2276,2223,53,53,0,0,0,0,295522,81652,63,11349,1230
"91年底",594784,416495,178289,99380,22955,76425,1377,127,127,0,0,43545,22828,20717,850,55708,0,55708,527,46810,42008,4802,951,562,562,0,0,37852,37053,799,799,8396,4393,4003,152,2768,2694,74,74,2768,2694,74,74,0,0,0,0,317660,112911,73,13908,1274
"92年底",667685,440755,226930,116740,22169,94571,1476,129,129,0,0,43127,22040,21087,924,73484,0,73484,552,48805,43648,5157,952,666,666,0,0,39353,38527,826,826,8786,4455,4331,126,1464,1419,45,45,1464,1419,45,45,0,0,0,0,339223,143318,84,16709,1342
"93年底",718806,448076,270730,125534,23950,101584,1554,113,113,0,0,44834,23319,21515,964,80587,518,80069,590,51576,46988,4588,1004,558,558,0,0,39377,38550,827,827,11641,7880,3761,177,2327,2262,65,65,2327,2262,65,65,0,0,0,0,360504,178850,84,18605,2414
"94年底",793659,472417,321242,142388,28267,114121,1589,131,131,0,0,47509,24697,22812,976,94748,3439,91309,613,49978,45265,4713,997,405,405,0,0,37788,36987,801,801,11785,7873,3912,196,5497,5357,140,140,4938,4803,135,135,559,554,5,5,381078,214944,84,20281,2535
"95年底",852139,490223,361916,155054,29700,125354,1636,144,134,10,0,48273,24892,23381,985,106637,4674,101963,651,50585,45072,5513,985,390,390,0,0,38285,37491,794,794,11910,7191,4719,191,6331,6122,209,166,5527,5375,152,152,804,747,57,14,401536,245782,100,23279,3634
"96年底",927668,513352,414316,170862,35621,135241,1690,178,160,18,0,49200,25586,23614,1006,121484,9875,111609,684,50989,44853,6136,1043,364,364,0,0,38801,37943,858,858,11824,6546,5278,185,7765,7463,302,179,5383,5235,148,148,2382,2228,154,31,422765,281795,84,23773,4739
"97年底",1018731,543794,474937,182885,35533,147352,1763,205,170,35,0,48603,24845,23758,1026,134077,10518,123559,737,51672,46341,5331,1099,358,358,0,0,39491,38628,863,863,11823,7355,4468,236,8857,8172,685,200,5874,5716,158,158,2983,2456,527,42,450663,328091,93,26994,5538
"98年底",1098640,568154,530486,190556,35435,155121,1855,249,205,44,0,47070,23799,23271,1081,143237,11431,131806,774,50802,45518,5284,1093,115,115,0,0,40138,39258,880,880,10549,6145,4404,213,10570,10141,429,243,6531,6359,172,172,4039,3782,257,71,477516,374178,165,27664,6703
"99年底",1159883,591742,568141,196646,34254,162392,1918,263,261,2,0,45888,22965,22923,1111,150495,11028,139467,807,55587,50213,5374,1193,378,378,0,0,44864,43906,958,958,10345,5929,4416,235,11481,11014,467,261,6805,6626,179,179,4676,4388,288,82,496553,403199,302,29671,7862
"100年底",1209765,607213,602552,207322,34717,172605,2028,235,235,0,0,47780,23530,24250,1181,159307,10952,148355,847,53988,48188,5800,1172,210,210,0,0,43038,42106,932,932,10740,5872,4868,240,10490,9716,774,237,6639,6457,182,182,3851,3259,592,55,511667,429334,361,30684,8040
"101年底",1257260,624339,632921,214625,35880,178745,2111,244,244,0,0,49208,24732,24476,1220,165173,10904,154269,891,57527,51264,6263,1190,195,195,0,0,45115,44189,926,926,12217,6880,5337,264,10360,9590,770,233,6494,6320,174,174,3866,3270,596,59,529164,453762,384,28985,7580
"102年底",1287068,634417,652651,221089,36184,184905,2247,225,225,0,0,49695,25326,24369,1309,171169,10633,160536,938,56482,50263,6219,1169,213,213,0,0,44154,43245,909,909,12115,6805,5310,260,9873,8743,1130,246,7227,7035,192,192,2646,1708,938,54,539955,470055,556,28192,6441
"103年底",1335654,650398,685256,227100,35241,191859,2434,239,239,0,0,49222,24956,24266,1409,177639,10046,167593,1025,55219,49156,6063,1153,118,118,0,0,43156,42267,889,889,11945,6771,5174,264,11051,9752,1299,283,8221,7996,225,225,2830,1756,1074,58,556480,496206,645,28277,6425
"104年底",1383340,669523,713817,290099,52100,185899,2652,278,270,8,0,51229,41930,9299,1546,186492,9900,176592,1106,49349,44405,4944,1146,119,119,0,0,39367,38461,906,906,9863,5825,4038,240,17564,15647,1917,430,13115,12777,338,338,4449,2870,1579,92,577267,517443,636,23320,5032
"105年底",1455690,733113,722577,312807,56044,200719,2822,269,255,14,0,58163,46337,11826,1635,198331,9452,188879,1187,44948,40275,4673,1046,137,137,0,0,35128,34313,815,815,9683,5825,3858,231,22475,19741,2734,553,17375,16939,436,436,5100,2802,2298,117,632190,513589,514,24516,5336
"106年底",1496612,749909,746703,266008,57006,209002,2957,257,237,20,0,58906,46725,12181,1714,206845,10044,196801,1243,37386,34655,2731,872,64,64,0,0,29494,28813,681,681,7828,5778,2050,191,29532,25032,4500,714,22638,22077,561,561,6894,2955,3939,153,648337,529785,153,25230,4762
"107年底",1519126,752988,766138,270818,58098,212720,3042,256,256,0,0,55997,47404,8593,1739,214565,10438,204127,1303,35052,33381,1671,828,64,64,0,0,27188,26551,637,637,7800,6766,1034,191,35573,31291,4282,850,26357,25707,650,650,9216,5584,3632,200,661201,544113,168,17787,1690
"108年底",1556767,764602,792165,283827,71864,211963,3130,264,264,0,0,55204,48317,6887,1801,228359,23283,205076,1329,33110,31481,1629,785,71,71,0,0,25379,24774,605,605,7660,6636,1024,180,37693,33150,4543,886,28178,27489,689,689,9515,5661,3854,197,671931,556190,191,19355,1693
"109年底",1586082,772472,813610,295844,88189,207655,3228,266,266,0,0,55241,49372,5869,1843,240337,38551,201786,1385,30472,29246,1226,731,71,71,0,0,23099,22539,560,560,7302,6636,666,171,39875,35321,4554,949,30218,29472,746,746,9657,5849,3808,203,680666,565945,212,18895,1723
"110年底",1612971,780788,832183,303009,116021,186988,3299,265,265,0,0,54602,49134,5468,1875,248142,66622,181520,1424,25234,24158,1076,616,57,57,0,0,19959,19477,482,482,5218,4624,594,134,46537,41801,4736,1097,34023,33179,844,844,12514,8622,3892,253,690275,576503,294,19114,2132
"111年底",1636450,791660,844790,304204,115585,188619,3322,248,248,0,0,54085,48849,5236,1894,249871,66488,183383,1428,23783,22751,1032,574,57,57,0,0,18678,18228,450,450,5048,4466,582,124,51452,46749,4703,1265,37086,36148,938,938,14366,10601,3765,327,699925,587726,272,20690,1726
"112年底",1666354,803569,862785,307922,113788,194134,3643,238,238,0,0,53077,48140,4937,1922,254607,65410,189197,1721,23450,22434,1016,558,57,57,0,0,18373,17931,442,442,5020,4446,574,116,57605,52732,4873,1428,40298,39266,1032,1032,17307,13466,3841,396,711457,600399,272,21599,1787
"113年底",1704475,818928,885547,312551,111764,200787,3765,241,241,0,0,52057,47195,4862,1996,260253,64328,195925,1769,20698,20040,658,496,10,10,0,0,16296,15900,396,396,4392,4130,262,100,64463,58829,5634,1622,44094,42967,1127,1127,20369,15862,4507,495,727466,616471,318,21103,1936
"114年底",1733852,833295,900557,422684,109969,202746,3849,227,227,0,0,51107,46463,4644,2045,261381,63279,198102,1804,17929,17472,457,431,10,10,0,0,14117,13775,342,342,3802,3687,115,89,72037,66305,5732,1859,48914,47643,1271,1271,23123,18662,4461,588,741509,630012,314,22161,2050

